ID,FirstName,LastName,Email,Password,Phoneno,Role,Salary
17,sachin,dravid,sachin123@gmail.com,Sufw7@g_,8191735470,admin,6000.00
25,rahul,dravid,rahul123@gmail.com,Sufw7@g_,8191735470,admin,6000.00
12,sachin,iyer,sachin123@gmail.com,Suww7@g_,8191725470,admin,6000.00
8,pooja,iyer,pooja123@gmail.com,Suww7@g_,8191725470,admin,6000.00
4,anu,ngynbj,anu@gmail.com,W!wkh128,9872933540,admin,30000.00
7,ryan,joe,ryan@gmail.com,Q!wkh128,9872933540,admin,30000.00
69,poorani,iyer,pooja@gmail.com,W!wkh128,7872933540,admin,30000.00
58,poorani,iyer,pooja@gmail.com,W!wkh128,7872933540,admin,30000.00
40,akshay,iyer,pooja@gmail.com,W!wkh128,7872933540,admin,30000.00
72,uyff,iyer,pooja@gmail.com,W!wkh128,7872933540,admin,30000.00
49,uyff,iyer,pooja@gmail.com,W!wkh128,7872933540,admin,30000.00
97,podpsda,iyer,pooja@gmail.com,W!wkh128,7872933540,admin,30000.00
40,dsdsf,dwfesfafc,pooja@gmail.com,W!wkh128,7872933540,admin,30000.00
63,gfvjhhj,dwfeshc,pooja@gmail.com,W!wkh128,7872933540,admin,30000.00
77,gfvjhhj,dwfeshc,pooja@gmail.com,W!wkh128,7872933540,admin,30000.00
50,gfvjhhj,dwfeshc,pooja@gmail.com,W!wkh128,7872933540,admin,30000.00
3,gfvjhhj,dwfeshc,pooja@gmail.com,W!wkh128,7872933540,admin,30000.00
3,gfvjhhj,dwfeshc,pooja@gmail.com,W!wkh128,7872933540,admin,30000.00
53,gfvjhhj,dwfeshc,pooja@gmail.com,W!wkh128,7872933540,admin,30000.00
